{
  "project_info": {
    "project_number": "436660277800",
    "project_id": "versace-app",
    "storage_bucket": "versace-app.appspot.com"
  },
  "client": [
    {
      "client_info": {
        "mobilesdk_app_id": "1:436660277800:android:c15c7eb8895ff303d65b1d",
        "android_client_info": {
          "package_name": "com.versace.app"
        }
      },
      "oauth_client": [
        {
          "client_id": "436660277800-11277cuhndh61nm3ol5o9nr7s27huvnj.apps.googleusercontent.com",
          "client_type": 3
        }
      ],
      "api_key": [
        {
          "current_key": "AIzaSyCMRMj7e1SA_KVN5PVMZTDifFciPq3MAuQ"
        }
      ],
      "services": {
        "appinvite_service": {
          "other_platform_oauth_client": [
            {
              "client_id": "436660277800-11277cuhndh61nm3ol5o9nr7s27huvnj.apps.googleusercontent.com",
              "client_type": 3
            }
          ]
        }
      }
    }
  ],
  "configuration_version": "1"
}